date,obcina,lat,lon,avg_temp_c,min_temp_c,max_temp_c,precip_mm,snowfall_cm,cloud_cover_pct,visibility_m,sunshine_duration_sec,sunny,rainy,snowy,icy,frost,fog,weather_label
2026-03-29,Ajdovščina,45.9,13.9,9.6,4.7,16.2,0.0,0.0,57,,25524.49,1,0,0,0,0,0,sunny
2026-03-29,Ankaran,45.57,13.75,12.4,9.3,15.1,0.0,0.0,57,,22139.74,1,0,0,0,0,0,sunny
2026-03-29,Apace,46.69,15.88,8.1,6.1,11.7,0.1,0.0,98,,15723.88,0,1,0,0,0,0,rainy
2026-03-29,Beltinci,46.61,16.24,8.3,6.1,11.9,0.1,0.0,96,,23260.38,1,1,0,0,0,0,rainy
2026-03-29,Benedikt,46.62,15.9,8.1,6.1,11.5,0.0,0.0,99,,14184.49,0,0,0,0,0,0,cloudy_or_mixed
2026-03-29,Bistrica ob Sotli,46.14,15.58,8.5,6.2,12.0,0.0,0.0,91,,22338.29,1,0,0,0,0,0,sunny
2026-03-29,Bled,46.35,14.08,6.4,2.9,11.3,0.0,0.0,62,,39310.11,1,0,0,0,0,0,sunny
2026-03-29,Bloke,45.78,14.51,4.9,0.6,10.1,0.0,0.0,90,,26151.73,1,0,0,0,0,0,sunny
2026-03-29,Bohinj,46.3,13.92,5.8,1.8,11.3,0.0,0.0,64,,36309.41,1,0,0,0,0,0,sunny
2026-03-29,Borovnica,45.91,14.38,8.6,5.1,13.4,0.0,0.0,65,,32816.79,1,0,0,0,0,0,sunny
2026-03-29,Bovec,46.36,13.62,2.5,0.2,6.8,0.0,0.0,74,,40514.33,1,0,0,0,0,0,sunny
2026-03-29,Braslovce,46.28,15.03,8.1,3.8,13.6,0.0,0.0,72,,36189.46,1,0,0,0,0,0,sunny
2026-03-29,Brda,46.01,13.54,9.5,5.2,15.9,0.0,0.0,67,,23468.3,1,0,0,0,0,0,sunny
2026-03-29,Brezovica,45.95,14.42,8.8,5.3,13.7,0.0,0.0,65,,32816.79,1,0,0,0,0,0,sunny
2026-03-29,Brežice,45.91,15.61,8.4,5.4,12.5,0.0,0.0,97,,23289.22,1,0,0,0,0,0,sunny
2026-03-29,Cankova,46.74,16.01,7.6,5.5,11.4,0.2,0.0,96,,15568.12,0,1,0,0,0,0,rainy
2026-03-29,Celje,46.25,15.27,7.6,2.8,13.7,0.0,0.0,74,,33933.86,1,0,0,0,0,0,sunny
2026-03-29,Cerklje na Gorenjskem,46.25,14.5,7.2,3.1,12.8,0.0,0.0,64,,31556.65,1,0,0,0,0,0,sunny
2026-03-29,Cerknica,45.8,14.38,5.6,1.4,10.1,0.0,0.0,75,,28943.0,1,0,0,0,0,0,sunny
2026-03-29,Cerkno,46.13,13.97,6.9,3.6,11.8,0.0,0.0,53,,33452.92,1,0,0,0,0,0,sunny
2026-03-29,Cerkvenjak,46.56,15.95,8.1,6.1,11.5,0.0,0.0,99,,14184.49,0,0,0,0,0,0,cloudy_or_mixed
2026-03-29,Cirkulane,46.33,16.01,7.9,5.8,11.6,0.0,0.0,100,,12425.78,0,0,0,0,0,0,cloudy_or_mixed
2026-03-29,Crnomelj,45.52,15.2,7.6,4.0,11.3,0.1,0.0,100,,585.0,0,1,0,0,0,0,rainy
2026-03-29,Destrnik,46.48,15.89,8.0,5.9,11.5,0.0,0.0,100,,13085.25,0,0,0,0,0,0,cloudy_or_mixed
2026-03-29,Divaca,45.68,14.02,7.9,4.8,12.2,0.0,0.0,61,,32176.41,1,0,0,0,0,0,sunny
2026-03-29,Dobje,46.13,15.4,6.8,3.8,11.4,0.1,0.0,95,,23599.76,1,1,0,0,0,0,rainy
2026-03-29,Dobrepolje,45.83,14.73,7.5,4.7,12.2,0.0,0.0,97,,18397.49,0,0,0,0,0,0,cloudy_or_mixed
2026-03-29,Dobrna,46.36,15.23,4.3,0.3,9.5,0.0,0.21,81,,34654.2,1,0,1,0,0,0,snowy
2026-03-29,Dobrova-Polhov Gradec,46.06,14.31,8.7,5.4,13.0,0.0,0.0,63,,32861.12,1,0,0,0,0,0,sunny
2026-03-29,Dobrovnik,46.65,16.35,8.2,5.9,11.2,0.4,0.0,94,,28451.66,1,1,0,0,0,0,rainy
2026-03-29,Dol pri Ljubljani,46.1,14.67,8.3,4.4,14.4,0.0,0.0,66,,29204.43,1,0,0,0,0,0,sunny
2026-03-29,Dolenjske Toplice,45.72,15.04,6.6,4.0,9.9,0.0,0.0,95,,16578.38,0,0,0,0,0,0,cloudy_or_mixed
2026-03-29,Domžale,46.15,14.63,7.6,3.7,13.8,0.0,0.0,62,,30738.9,1,0,0,0,0,0,sunny
2026-03-29,Dornava,46.45,16.0,8.1,6.1,11.7,0.0,0.0,100,,13330.17,0,0,0,0,0,0,cloudy_or_mixed
2026-03-29,Dravograd,46.6,15.04,6.8,3.0,11.9,0.0,0.0,92,,32266.86,1,0,0,0,0,0,sunny
2026-03-29,Duplek,46.51,15.77,8.3,6.2,11.6,0.0,0.0,95,,21188.45,0,0,0,0,0,0,cloudy_or_mixed
2026-03-29,Gorenja vas-Poljane,46.12,14.13,6.5,3.7,10.9,0.0,0.0,55,,36859.88,1,0,0,0,0,0,sunny
2026-03-29,Gorišnica,46.4,16.02,8.1,6.1,11.7,0.0,0.0,100,,13330.17,0,0,0,0,0,0,cloudy_or_mixed
2026-03-29,Gorje,46.39,13.98,-1.2,-4.2,3.4,0.0,0.0,60,,41208.07,1,0,0,0,1,0,sunny
2026-03-29,Gornja Radgona,46.64,15.97,8.1,6.2,11.6,0.0,0.0,97,,16683.82,0,0,0,0,0,0,cloudy_or_mixed
2026-03-29,Gornji Grad,46.29,14.79,7.2,3.9,12.4,0.0,0.0,64,,29995.21,1,0,0,0,0,0,sunny
2026-03-29,Gornji Petrovci,46.81,16.2,7.3,4.9,10.9,0.3,0.14,97,,14157.36,0,1,1,0,0,0,snowy
2026-03-29,Grad,46.8,16.09,7.6,4.8,11.4,0.4,0.07,97,,14281.01,0,1,1,0,0,0,snowy
2026-03-29,Grosuplje,45.94,14.67,8.5,4.9,14.0,0.0,0.0,84,,27671.14,1,0,0,0,0,0,sunny
2026-03-29,Hajdina,46.42,15.83,7.9,5.8,11.4,0.0,0.0,100,,15563.16,0,0,0,0,0,0,cloudy_or_mixed
2026-03-29,Hoce-Slivnica,46.49,15.63,7.7,5.6,11.1,0.1,0.0,93,,24916.27,1,1,0,0,0,0,rainy
2026-03-29,Hodoš,46.82,16.31,7.2,4.6,10.4,0.5,0.0,97,,18729.89,0,1,0,0,0,0,rainy
2026-03-29,Horjul,46.02,14.29,9.0,6.2,13.4,0.0,0.0,58,,36223.61,1,0,0,0,0,0,sunny
2026-03-29,Hrastnik,46.13,15.12,7.2,4.8,11.2,0.0,0.0,87,,29201.37,1,0,0,0,0,0,sunny
2026-03-29,Hrpelje-Kozina,45.57,14.0,7.8,4.5,12.4,0.0,0.0,57,,36560.49,1,0,0,0,0,0,sunny
2026-03-29,Idrija,45.99,14.0,5.6,1.8,10.6,0.0,0.0,56,,35534.32,1,0,0,0,0,0,sunny
2026-03-29,Ig,45.93,14.52,7.3,3.4,12.9,0.0,0.0,75,,29161.0,1,0,0,0,0,0,sunny
2026-03-29,Ilirska Bistrica,45.56,14.28,5.1,0.1,10.4,0.0,0.0,62,,36277.82,1,0,0,0,0,0,sunny
2026-03-29,Ivancna Gorica,45.92,14.81,8.3,5.2,13.2,0.0,0.0,87,,26726.52,1,0,0,0,0,0,sunny
2026-03-29,Izola,45.52,13.65,12.0,8.9,14.6,0.0,0.0,57,,22139.74,1,0,0,0,0,0,sunny
2026-03-29,Jesenice,46.45,14.07,2.7,-1.1,7.8,0.0,0.0,58,,37918.36,1,0,0,0,1,0,sunny
2026-03-29,Jezersko,46.38,14.48,3.8,0.2,8.6,0.0,0.0,60,,36604.98,1,0,0,0,0,0,sunny
2026-03-29,Juršinci,46.49,15.98,8.2,6.2,11.9,0.0,0.0,100,,13439.06,0,0,0,0,0,0,cloudy_or_mixed
2026-03-29,Kamnik,46.26,14.68,4.6,1.3,9.4,0.0,0.0,63,,37609.26,1,0,0,0,0,0,sunny
2026-03-29,Kanal,46.09,13.65,8.7,3.2,14.8,0.0,0.0,62,,25860.39,1,0,0,0,0,0,sunny
2026-03-29,Kidricevo,46.39,15.76,8.3,6.2,11.5,0.0,0.0,95,,22772.6,1,0,0,0,0,0,sunny
2026-03-29,Kobarid,46.25,13.55,7.7,4.1,12.6,0.0,0.0,75,,34933.78,1,0,0,0,0,0,sunny
2026-03-29,Kobilje,46.68,16.38,8.2,5.9,11.2,0.4,0.0,94,,28451.66,1,1,0,0,0,0,rainy
2026-03-29,Kocevje,45.61,14.91,5.7,1.5,10.6,0.0,0.0,98,,8667.26,0,0,0,0,0,0,cloudy_or_mixed
2026-03-29,Komen,45.82,13.74,9.4,4.6,16.1,0.0,0.0,57,,25524.49,1,0,0,0,0,0,sunny
2026-03-29,Komenda,46.21,14.54,7.2,3.1,12.8,0.0,0.0,64,,31556.65,1,0,0,0,0,0,sunny
2026-03-29,Koper,45.51,13.83,10.0,5.5,14.6,0.0,0.0,52,,28905.34,1,0,0,0,0,0,sunny
2026-03-29,Kostanjevica,45.84,15.43,8.8,5.2,13.5,0.0,0.0,97,,22101.05,1,0,0,0,0,0,sunny
2026-03-29,Kostel,45.5,14.87,2.9,-0.7,7.7,0.1,0.0,100,,12948.95,0,1,0,0,1,0,rainy
2026-03-29,Kozje,46.07,15.56,7.7,5.3,11.2,0.0,0.0,93,,21973.11,1,0,0,0,0,0,sunny
2026-03-29,Kranj,46.26,14.33,7.4,3.9,12.4,0.0,0.0,69,,30034.12,1,0,0,0,0,0,sunny
2026-03-29,Kranjska Gora,46.46,13.84,-0.8,-5.3,4.1,0.0,0.0,50,,42408.84,1,0,0,0,1,0,sunny
2026-03-29,Križevci,46.57,16.13,8.1,6.2,11.6,0.0,0.0,98,,16070.61,0,0,0,0,0,0,cloudy_or_mixed
2026-03-29,Krško,45.95,15.47,8.2,4.6,13.1,0.0,0.0,96,,20711.47,0,0,0,0,0,0,cloudy_or_mixed
2026-03-29,Kungota,46.64,15.6,7.4,5.2,11.0,0.0,0.0,92,,16700.87,0,0,0,0,0,0,cloudy_or_mixed
2026-03-29,Kuzma,46.84,16.09,7.2,5.2,11.1,0.1,0.07,96,,15435.76,0,1,1,0,0,0,snowy
2026-03-29,Laško,46.13,15.26,7.1,4.3,11.8,0.0,0.0,90,,26719.58,1,0,0,0,0,0,sunny
2026-03-29,Lenart,46.56,15.82,8.3,6.1,11.8,0.0,0.0,95,,17408.1,0,0,0,0,0,0,cloudy_or_mixed
2026-03-29,Lendava,46.56,16.42,7.8,5.5,10.4,1.0,0.0,97,,28265.38,1,1,0,0,0,0,rainy
2026-03-29,Litija,46.06,14.93,7.5,4.8,11.9,0.0,0.0,72,,28800.0,1,0,0,0,0,0,sunny
2026-03-29,Ljubljana,46.05,14.56,8.0,4.1,14.1,0.0,0.0,66,,29204.43,1,0,0,0,0,0,sunny
2026-03-29,Ljubno,46.38,14.85,4.6,1.6,9.1,0.0,0.0,73,,41940.1,1,0,0,0,0,0,sunny
2026-03-29,Ljutomer,46.52,16.17,8.4,6.4,11.9,0.4,0.0,99,,18207.12,0,1,0,0,0,0,rainy
2026-03-29,Log-Dragomer,46.01,14.37,8.9,5.4,14.0,0.0,0.0,63,,31453.49,1,0,0,0,0,0,sunny
2026-03-29,Logatec,45.93,14.19,6.8,3.5,11.8,0.0,0.0,58,,37167.91,1,0,0,0,0,0,sunny
2026-03-29,Lovrenc na Pohorju,46.53,15.39,5.1,2.0,9.3,0.0,0.07,94,,26128.36,1,0,1,0,0,0,snowy
2026-03-29,Loška dolina,45.67,14.48,4.3,0.2,9.0,0.0,0.0,88,,20146.33,0,0,0,0,0,0,cloudy_or_mixed
2026-03-29,Loški Potok,45.65,14.64,3.8,0.4,8.0,0.1,0.0,95,,12264.52,0,1,0,0,0,0,rainy
2026-03-29,Luce,46.36,14.73,4.4,1.1,9.4,0.0,0.0,66,,38164.2,1,0,0,0,0,0,sunny
2026-03-29,Lukovica,46.18,14.77,5.9,2.6,11.0,0.0,0.0,64,,29995.21,1,0,0,0,0,0,sunny
2026-03-29,Majšperk,46.32,15.75,7.3,5.3,10.6,0.0,0.0,99,,17903.64,0,0,0,0,0,0,cloudy_or_mixed
2026-03-29,Makole,46.31,15.68,7.5,5.2,10.8,0.0,0.0,93,,23349.26,1,0,0,0,0,0,sunny
2026-03-29,Maribor,46.57,15.63,7.9,5.8,11.4,0.0,0.0,93,,22697.01,1,0,0,0,0,0,sunny
2026-03-29,Markovci,46.39,15.96,7.9,5.8,11.6,0.0,0.0,100,,12425.78,0,0,0,0,0,0,cloudy_or_mixed
2026-03-29,Medvode,46.13,14.4,7.7,4.1,12.4,0.0,0.0,67,,29840.47,1,0,0,0,0,0,sunny
2026-03-29,Mengeš,46.16,14.56,7.6,3.7,13.8,0.0,0.0,62,,30738.9,1,0,0,0,0,0,sunny
2026-03-29,Metlika,45.65,15.29,8.0,4.7,12.2,0.0,0.0,98,,17333.5,0,0,0,0,0,0,cloudy_or_mixed
2026-03-29,Mežica,46.53,14.85,6.6,3.7,10.9,0.0,0.0,90,,36036.47,1,0,0,0,0,0,sunny
2026-03-29,Miklavž na Dravskem polju,46.49,15.71,8.3,6.2,11.6,0.0,0.0,95,,21188.45,0,0,0,0,0,0,cloudy_or_mixed
2026-03-29,Miren-Kostanjevica,45.86,13.63,9.0,3.9,16.7,0.0,0.0,62,,24577.93,1,0,0,0,0,0,sunny
2026-03-29,Mirna,45.94,15.05,8.4,4.7,13.9,0.0,0.0,86,,25720.84,1,0,0,0,0,0,sunny
2026-03-29,Mirna Pec,45.85,15.09,8.5,4.5,13.9,0.0,0.0,90,,23160.05,1,0,0,0,0,0,sunny
2026-03-29,Mislinja,46.45,15.22,5.1,1.5,10.1,0.0,0.0,74,,35546.2,1,0,0,0,0,0,sunny
2026-03-29,Mokronog-Trebelno,45.91,15.16,7.4,3.7,12.9,0.0,0.0,86,,25720.84,1,0,0,0,0,0,sunny
2026-03-29,Moravce,46.14,14.76,7.9,4.6,13.3,0.0,0.0,64,,29272.22,1,0,0,0,0,0,sunny
2026-03-29,Moravske Toplice,46.71,16.27,8.1,5.7,11.6,0.1,0.0,95,,20658.97,0,1,0,0,0,0,rainy
2026-03-29,Mozirje,46.36,14.95,6.7,3.0,11.8,0.0,0.0,69,,38849.77,1,0,0,0,0,0,sunny
2026-03-29,Murska Sobota,46.65,16.16,8.3,6.1,11.9,0.1,0.0,96,,23260.38,1,1,0,0,0,0,rainy
2026-03-29,Muta,46.63,15.13,6.4,3.1,11.1,0.0,0.0,88,,20784.85,0,0,0,0,0,0,cloudy_or_mixed
2026-03-29,Naklo,46.29,14.3,7.3,3.8,12.3,0.0,0.0,69,,30034.12,1,0,0,0,0,0,sunny
2026-03-29,Nazarje,46.28,14.91,7.9,4.1,13.1,0.0,0.0,68,,37040.39,1,0,0,0,0,0,sunny
2026-03-29,Nova Goriška,45.98,13.73,5.5,0.4,11.6,0.0,0.0,64,,31169.14,1,0,0,0,0,0,sunny
2026-03-29,Novo Mesto,45.77,15.2,7.7,4.7,12.0,2.5,0.0,94,,20298.51,0,1,0,0,0,0,rainy
2026-03-29,Odranci,46.59,16.28,8.1,6.0,11.2,0.3,0.0,98,,26222.54,1,1,0,0,0,0,rainy
2026-03-29,Oplotnica,46.39,15.45,7.0,3.4,11.3,0.0,0.0,75,,26515.68,1,0,0,0,0,0,sunny
2026-03-29,Ormož,46.44,16.14,8.6,6.7,12.2,0.3,0.0,100,,16478.84,0,1,0,0,0,0,rainy
2026-03-29,Osilnica,45.54,14.73,6.1,2.0,11.9,0.1,0.0,100,,8127.44,0,1,0,0,0,0,rainy
2026-03-29,Pesnica,46.62,15.71,7.4,5.2,11.0,0.0,0.0,92,,16700.87,0,0,0,0,0,0,cloudy_or_mixed
2026-03-29,Piran,45.49,13.63,11.2,6.7,15.0,0.0,0.0,58,,20671.88,0,0,0,0,0,0,cloudy_or_mixed
2026-03-29,Pivka,45.68,14.23,6.7,3.7,10.6,0.0,0.0,64,,31479.78,1,0,0,0,0,0,sunny
2026-03-29,Podcetrtek,46.05,15.65,7.7,5.3,11.2,0.0,0.0,93,,21973.11,1,0,0,0,0,0,sunny
2026-03-29,Podlehnik,46.31,15.88,7.6,5.6,11.1,0.0,0.0,100,,17416.96,0,0,0,0,0,0,cloudy_or_mixed
2026-03-29,Podvelka,46.59,15.36,5.8,3.1,9.8,0.0,0.0,94,,20043.66,0,0,0,0,0,0,cloudy_or_mixed
2026-03-29,Poljčane,46.3,15.6,8.3,6.0,11.6,0.0,0.0,93,,23349.26,1,0,0,0,0,0,sunny
2026-03-29,Polzela,46.31,15.09,8.1,3.8,13.6,0.0,0.0,72,,36189.46,1,0,0,0,0,0,sunny
2026-03-29,Postojna,45.79,14.17,7.5,4.5,11.4,0.0,0.0,64,,31614.78,1,0,0,0,0,0,sunny
2026-03-29,Prebold,46.22,15.09,8.0,4.7,12.9,0.0,0.0,75,,31322.9,1,0,0,0,0,0,sunny
2026-03-29,Preddvor,46.33,14.47,-0.4,-2.9,3.2,0.0,0.0,59,,39364.11,1,0,0,0,1,0,sunny
2026-03-29,Prevalje,46.56,14.89,6.3,3.4,10.6,0.0,0.0,90,,36036.47,1,0,0,0,0,0,sunny
2026-03-29,Ptuj,46.44,15.88,7.9,5.8,11.4,0.0,0.0,100,,15563.16,0,0,0,0,0,0,cloudy_or_mixed
2026-03-29,Puconci,46.75,16.13,7.6,4.8,11.4,0.4,0.07,97,,14281.01,0,1,1,0,0,0,snowy
2026-03-29,Race-Fram,46.45,15.65,8.3,6.2,11.5,0.0,0.0,95,,22772.6,1,0,0,0,0,0,sunny
2026-03-29,Radece,46.06,15.15,8.1,5.8,12.7,0.0,0.0,84,,28245.85,1,0,0,0,0,0,sunny
2026-03-29,Radenci,46.62,16.05,8.1,6.1,11.9,0.0,0.0,98,,17620.33,0,0,0,0,0,0,cloudy_or_mixed
2026-03-29,Radlje ob Dravi,46.6,15.24,7.4,4.0,12.0,0.0,0.0,88,,20784.85,0,0,0,0,0,0,cloudy_or_mixed
2026-03-29,Radovljica,46.34,14.21,6.6,3.0,11.4,0.0,0.0,68,,39323.92,1,0,0,0,0,0,sunny
2026-03-29,Ravne na Koroškem,46.55,14.96,7.2,4.3,11.5,0.0,0.0,90,,36036.47,1,0,0,0,0,0,sunny
2026-03-29,Razkrižje,46.52,16.28,8.2,6.1,11.5,1.2,0.0,98,,23412.79,1,1,0,0,0,0,rainy
2026-03-29,Renče-Vogrsko,45.89,13.67,9.9,4.7,17.5,0.0,0.0,62,,24577.93,1,0,0,0,0,0,sunny
2026-03-29,Rečica ob Savinji,46.33,14.9,7.2,3.3,12.4,0.0,0.0,68,,37040.39,1,0,0,0,0,0,sunny
2026-03-29,Ribnica,45.73,14.72,7.3,4.9,11.8,0.0,0.0,97,,11365.01,0,0,0,0,0,0,cloudy_or_mixed
2026-03-29,Ribnica na Pohorju,46.53,15.26,2.0,-2.6,6.5,0.0,0.21,93,,30862.41,1,0,1,0,1,0,snowy
2026-03-29,Rogatec,46.24,15.74,7.9,5.8,11.1,0.0,0.0,96,,18626.08,0,0,0,0,0,0,cloudy_or_mixed
2026-03-29,Rogaška Slatina,46.25,15.64,7.9,5.5,11.4,0.0,0.0,92,,22782.33,1,0,0,0,0,0,sunny
2026-03-29,Rogašovci,46.8,16.02,7.6,5.5,11.4,0.2,0.0,96,,15568.12,0,1,0,0,0,0,rainy
2026-03-29,Ruše,46.52,15.49,4.5,2.4,8.2,0.1,0.0,96,,25149.04,1,1,0,0,0,0,rainy
2026-03-29,Selnica ob Dravi,46.58,15.49,4.5,2.4,8.1,0.1,0.0,96,,25149.04,1,1,0,0,0,0,rainy
2026-03-29,Semic,45.65,15.16,6.7,4.4,9.9,0.1,0.0,97,,16311.55,0,1,0,0,0,0,rainy
2026-03-29,Sevnica,46.01,15.28,8.7,5.7,13.6,0.0,0.0,92,,22343.43,1,0,0,0,0,0,sunny
2026-03-29,Sežana,45.73,13.87,9.0,5.0,14.3,0.0,0.0,60,,25977.64,1,0,0,0,0,0,sunny
2026-03-29,Slovenj Gradec,46.49,15.08,6.8,3.3,11.7,0.0,0.0,81,,35761.99,1,0,0,0,0,0,sunny
2026-03-29,Slovenska Bistrica,46.41,15.54,6.5,4.0,10.1,0.2,0.0,82,,26453.51,1,1,0,0,0,0,rainy
2026-03-29,Slovenske Konjice,46.32,15.47,6.8,2.6,11.9,0.0,0.0,78,,26874.71,1,0,0,0,0,0,sunny
2026-03-29,Sodražica,45.75,14.62,4.9,1.6,9.6,0.0,0.0,96,,11296.08,0,0,0,0,0,0,cloudy_or_mixed
2026-03-29,Solcava,46.41,14.66,-1.9,-4.9,2.6,0.0,0.0,76,,43041.98,1,0,0,0,1,0,sunny
2026-03-29,Središče ob Dravi,46.4,16.22,8.6,6.7,12.2,0.3,0.0,100,,16478.84,0,1,0,0,0,0,rainy
2026-03-29,Starše,46.46,15.76,8.3,6.2,11.5,0.0,0.0,95,,22772.6,1,0,0,0,0,0,sunny
2026-03-29,Straža,45.77,15.09,9.0,6.1,13.1,0.0,0.0,93,,17855.63,0,0,0,0,0,0,cloudy_or_mixed
2026-03-29,Sveta Ana,46.65,15.84,8.3,6.2,11.9,0.1,0.0,97,,16147.52,0,1,0,0,0,0,rainy
2026-03-29,Sveta Trojica v Slovenskih goricah,46.57,15.89,8.1,6.1,11.5,0.0,0.0,99,,14184.49,0,0,0,0,0,0,cloudy_or_mixed
2026-03-29,Sveti Andraž v Slovenskih Goricah,46.52,15.96,8.1,6.1,11.5,0.0,0.0,99,,14184.49,0,0,0,0,0,0,cloudy_or_mixed
2026-03-29,Sveti Jurij,46.56,16.03,8.1,6.2,11.6,0.0,0.0,98,,16070.61,0,0,0,0,0,0,cloudy_or_mixed
2026-03-29,Sveti Jurij v Slovenskih goricah,46.62,15.79,8.3,6.2,11.9,0.1,0.0,97,,16147.52,0,1,0,0,0,0,rainy
2026-03-29,Sveti Tomaž,46.48,16.07,8.2,6.2,11.9,0.0,0.0,100,,13439.06,0,0,0,0,0,0,cloudy_or_mixed
2026-03-29,Tabor,46.22,15.02,8.0,4.7,12.9,0.0,0.0,75,,31322.9,1,0,0,0,0,0,sunny
2026-03-29,Tišina,46.67,16.07,8.1,6.1,11.9,0.0,0.0,98,,17620.33,0,0,0,0,0,0,cloudy_or_mixed
2026-03-29,Tolmin,46.17,13.81,6.3,1.0,12.4,0.0,0.0,56,,31943.81,1,0,0,0,0,0,sunny
2026-03-29,Trbovlje,46.12,15.05,7.3,4.7,11.5,0.0,0.0,79,,29044.94,1,0,0,0,0,0,sunny
2026-03-29,Trebnje,45.9,14.97,8.3,4.8,13.5,0.0,0.0,87,,25655.08,1,0,0,0,0,0,sunny
2026-03-29,Trnovska vas,46.52,15.89,8.0,5.9,11.5,0.0,0.0,100,,13085.25,0,0,0,0,0,0,cloudy_or_mixed
2026-03-29,Trzin,46.13,14.56,8.0,4.1,14.1,0.0,0.0,66,,29204.43,1,0,0,0,0,0,sunny
2026-03-29,Tržič,46.39,14.33,4.1,0.7,8.9,0.0,0.0,62,,40550.55,1,0,0,0,0,0,sunny
2026-03-29,Turnišče,46.62,16.32,8.1,6.0,11.2,0.3,0.0,98,,26222.54,1,1,0,0,0,0,rainy
2026-03-29,Velenje,46.37,15.13,7.0,3.7,12.2,0.0,0.0,70,,36287.73,1,0,0,0,0,0,sunny
2026-03-29,Velika Polana,46.58,16.36,8.1,6.0,11.2,0.3,0.0,98,,26222.54,1,1,0,0,0,0,rainy
2026-03-29,Velike Lašče,45.84,14.59,7.5,3.9,12.6,0.0,0.0,90,,27060.92,1,0,0,0,0,0,sunny
2026-03-29,Veržej,46.58,16.18,8.3,6.2,11.9,0.0,0.0,98,,20473.68,0,0,0,0,0,0,cloudy_or_mixed
2026-03-29,Videm,46.34,15.91,7.6,5.6,11.1,0.0,0.0,100,,17416.96,0,0,0,0,0,0,cloudy_or_mixed
2026-03-29,Vipava,45.82,13.98,7.7,3.5,13.0,0.0,0.0,56,,29901.45,1,0,0,0,0,0,sunny
2026-03-29,Vitanje,46.4,15.3,3.6,-0.4,8.8,0.0,0.21,81,,34654.2,1,0,1,0,1,0,snowy
2026-03-29,Vodice,46.17,14.49,8.1,4.0,13.9,0.0,0.0,66,,30139.91,1,0,0,0,0,0,sunny
2026-03-29,Vojnik,46.32,15.32,6.7,1.4,12.7,0.0,0.0,70,,29730.28,1,0,0,0,0,0,sunny
2026-03-29,Vransko,46.24,14.95,8.5,4.9,13.4,0.0,0.0,67,,28342.45,1,0,0,0,0,0,sunny
2026-03-29,Vrhnika,45.96,14.29,9.5,6.6,13.9,0.0,0.0,59,,37307.81,1,0,0,0,0,0,sunny
2026-03-29,Vuzenica,46.57,15.16,6.3,2.0,11.3,0.0,0.0,89,,30759.88,1,0,0,0,0,0,sunny
2026-03-29,Zagorje ob Savi,46.15,14.93,8.9,6.1,13.6,0.0,0.0,70,,28800.0,1,0,0,0,0,0,sunny
2026-03-29,Zavrc,46.36,16.05,7.9,5.8,11.6,0.0,0.0,100,,12425.78,0,0,0,0,0,0,cloudy_or_mixed
2026-03-29,Zrece,46.4,15.37,4.4,-1.0,10.0,0.0,0.0,73,,28675.36,1,0,0,0,1,0,sunny
2026-03-29,Črenšovci,46.56,16.3,8.1,6.0,11.2,0.3,0.0,98,,26222.54,1,1,0,0,0,0,rainy
2026-03-29,Črna na Koroškem,46.47,14.83,5.7,2.5,10.3,0.0,0.0,83,,41067.77,1,0,0,0,0,0,sunny
2026-03-29,Šalovci,46.83,16.26,7.6,4.9,10.9,0.9,0.21,97,,18619.66,0,1,1,0,0,0,snowy
2026-03-29,Šempeter-Vrtojba,45.92,13.64,9.7,4.6,17.4,0.0,0.0,62,,24577.93,1,0,0,0,0,0,sunny
2026-03-29,Šentilj,46.68,15.71,7.6,5.3,11.2,0.1,0.0,94,,14102.35,0,1,0,0,0,0,rainy
2026-03-29,Šentjernej,45.82,15.35,8.0,4.9,12.4,0.0,0.0,97,,21600.0,1,0,0,0,0,0,sunny
2026-03-29,Šentjur pri Celju,46.19,15.43,7.7,3.5,12.7,0.0,0.0,83,,27322.24,1,0,0,0,0,0,sunny
2026-03-29,Šentrupert,45.98,15.1,8.4,4.7,13.9,0.0,0.0,86,,25720.84,1,0,0,0,0,0,sunny
2026-03-29,Šenčur,46.24,14.42,7.4,3.9,12.4,0.0,0.0,69,,30034.12,1,0,0,0,0,0,sunny
2026-03-29,Škocjan,45.92,15.31,8.4,4.6,13.9,0.0,0.0,92,,21211.11,0,0,0,0,0,0,cloudy_or_mixed
2026-03-29,Škofja Loka,46.16,14.28,6.6,3.2,11.2,0.0,0.0,68,,33862.6,1,0,0,0,0,0,sunny
2026-03-29,Škofljica,45.97,14.57,8.0,4.1,14.0,0.0,0.0,70,,28471.12,1,0,0,0,0,0,sunny
2026-03-29,Šmarje pri Jelšah,46.21,15.53,7.3,3.2,12.4,0.0,0.0,83,,27322.24,1,0,0,0,0,0,sunny
2026-03-29,Šmarješke Toplice,45.88,15.25,8.2,4.4,13.8,0.0,0.0,93,,21808.81,1,0,0,0,0,0,sunny
2026-03-29,Šmartno in Litiji,46.03,14.85,8.0,5.0,12.8,0.0,0.0,74,,27171.06,1,0,0,0,0,0,sunny
2026-03-29,Šmartno ob Paki,46.34,15.03,7.2,3.8,12.4,0.0,0.0,70,,36287.73,1,0,0,0,0,0,sunny
2026-03-29,Šoštanj,46.41,15.0,6.0,2.7,10.9,0.0,0.0,67,,38007.35,1,0,0,0,0,0,sunny
2026-03-29,Štore,46.2,15.33,6.5,3.0,11.6,0.0,0.0,87,,29404.46,1,0,0,0,0,0,sunny
2026-03-29,Žalec,46.26,15.17,7.6,3.7,13.1,0.0,0.0,79,,32336.19,1,0,0,0,0,0,sunny
2026-03-29,Železniki,46.22,14.11,5.5,2.2,10.1,0.0,0.0,66,,35696.16,1,0,0,0,0,0,sunny
2026-03-29,Žetale,46.28,15.81,7.6,5.6,10.9,0.0,0.0,99,,17903.64,0,0,0,0,0,0,cloudy_or_mixed
2026-03-29,Žiri,46.05,14.11,8.0,4.8,12.9,0.0,0.0,56,,37667.73,1,0,0,0,0,0,sunny
2026-03-29,Žirovnica,46.41,14.17,2.0,-1.9,7.1,0.0,0.0,58,,37918.36,1,0,0,0,1,0,sunny
2026-03-29,Žužemberk,45.81,14.93,7.7,5.1,11.9,0.0,0.0,96,,16695.72,0,0,0,0,0,0,cloudy_or_mixed
2026-03-30,Ajdovščina,45.9,13.9,7.7,2.5,12.0,0.2,0.0,70,,19781.12,0,1,0,0,0,0,rainy
2026-03-30,Ankaran,45.57,13.75,9.9,4.8,13.0,0.1,0.0,68,,22106.45,1,1,0,0,0,0,rainy
2026-03-30,Apace,46.69,15.88,7.5,3.3,12.4,0.5,0.0,96,,15512.53,0,1,0,0,0,0,rainy
2026-03-30,Beltinci,46.61,16.24,6.5,3.7,9.4,0.7,0.0,100,,7200.0,0,1,0,0,0,0,rainy
2026-03-30,Benedikt,46.62,15.9,6.8,3.0,10.9,0.5,0.0,100,,11312.47,0,1,0,0,0,0,rainy
2026-03-30,Bistrica ob Sotli,46.14,15.58,6.2,3.2,10.1,0.9,0.0,100,,8739.59,0,1,0,0,0,0,rainy
2026-03-30,Bled,46.35,14.08,4.2,0.3,8.5,0.7,1.4,64,,13261.0,0,1,1,0,0,0,snowy
2026-03-30,Bloke,45.78,14.51,2.5,-1.8,7.1,1.6,0.0,74,,16106.75,0,1,0,0,1,0,rainy
2026-03-30,Bohinj,46.3,13.92,3.1,-1.6,7.5,0.7,0.7,68,,15362.84,0,1,1,0,1,0,snowy
2026-03-30,Borovnica,45.91,14.38,5.7,1.6,9.8,1.7,0.0,70,,15599.0,0,1,0,0,0,0,rainy
2026-03-30,Bovec,46.36,13.62,1.1,-2.8,4.2,0.0,0.42,72,,11477.3,0,0,1,0,1,0,snowy
2026-03-30,Braslovce,46.28,15.03,5.3,0.2,10.4,0.3,0.0,85,,23407.27,1,1,0,0,0,0,rainy
2026-03-30,Brda,46.01,13.54,7.0,2.3,11.3,0.5,0.0,72,,13951.44,0,1,0,0,0,0,rainy
2026-03-30,Brezovica,45.95,14.42,6.0,1.9,10.0,1.7,0.0,70,,15599.0,0,1,0,0,0,0,rainy
2026-03-30,Brežice,45.91,15.61,6.6,3.3,9.5,0.6,0.0,100,,10800.0,0,1,0,0,0,0,rainy
2026-03-30,Cankova,46.74,16.01,6.6,2.9,11.7,0.3,0.0,98,,12252.24,0,1,0,0,0,0,rainy
2026-03-30,Celje,46.25,15.27,6.1,2.8,10.2,0.3,0.0,96,,24110.93,1,1,0,0,0,0,rainy
2026-03-30,Cerklje na Gorenjskem,46.25,14.5,4.3,-0.9,8.7,3.6,0.0,67,,14883.43,0,1,0,0,1,0,rainy
2026-03-30,Cerknica,45.8,14.38,2.6,-2.3,7.8,2.1,0.0,71,,17352.17,0,1,0,0,1,0,rainy
2026-03-30,Cerkno,46.13,13.97,3.9,0.2,7.1,0.7,0.0,72,,14210.36,0,1,0,0,0,0,rainy
2026-03-30,Cerkvenjak,46.56,15.95,6.8,3.0,10.9,0.5,0.0,100,,11312.47,0,1,0,0,0,0,rainy
2026-03-30,Cirkulane,46.33,16.01,6.1,3.4,9.2,0.7,0.0,99,,10687.84,0,1,0,0,0,0,rainy
2026-03-30,Crnomelj,45.52,15.2,6.3,3.0,9.5,1.1,0.0,96,,10011.76,0,1,0,0,0,0,rainy
2026-03-30,Destrnik,46.48,15.89,6.7,3.2,10.5,0.6,0.0,99,,15710.7,0,1,0,0,0,0,rainy
2026-03-30,Divaca,45.68,14.02,5.4,1.2,9.9,0.9,0.0,70,,22176.19,1,1,0,0,0,0,rainy
2026-03-30,Dobje,46.13,15.4,4.8,2.3,8.4,1.4,0.0,100,,10800.0,0,1,0,0,0,0,rainy
2026-03-30,Dobrepolje,45.83,14.73,4.5,0.4,8.6,2.1,0.0,84,,18000.0,0,1,0,0,0,0,rainy
2026-03-30,Dobrna,46.36,15.23,4.2,1.4,8.0,0.6,0.0,97,,21111.39,0,1,0,0,0,0,rainy
2026-03-30,Dobrova-Polhov Gradec,46.06,14.31,5.0,0.7,8.3,0.7,0.0,71,,14593.92,0,1,0,0,0,0,rainy
2026-03-30,Dobrovnik,46.65,16.35,6.2,3.5,8.1,0.9,0.0,100,,2217.87,0,1,0,0,0,0,rainy
2026-03-30,Dol pri Ljubljani,46.1,14.67,5.0,0.2,9.9,1.9,0.0,64,,18211.03,0,1,0,0,0,0,rainy
2026-03-30,Dolenjske Toplice,45.72,15.04,4.2,0.9,8.3,2.6,0.0,95,,18175.28,0,1,0,0,0,0,rainy
2026-03-30,Domžale,46.15,14.63,4.4,-0.3,9.4,0.8,0.0,65,,18588.22,0,1,0,0,1,0,rainy
2026-03-30,Dornava,46.45,16.0,6.4,3.8,9.9,0.5,0.0,99,,12559.4,0,1,0,0,0,0,rainy
2026-03-30,Dravograd,46.6,15.04,4.5,0.5,8.6,0.7,0.07,74,,18510.46,0,1,1,0,0,0,snowy
2026-03-30,Duplek,46.51,15.77,7.1,2.9,10.7,0.2,0.0,99,,17565.49,0,1,0,0,0,0,rainy
2026-03-30,Gorenja vas-Poljane,46.12,14.13,3.1,-1.1,6.2,0.7,0.0,71,,13905.92,0,1,0,0,1,0,rainy
2026-03-30,Gorišnica,46.4,16.02,6.4,3.8,9.9,0.5,0.0,99,,12559.4,0,1,0,0,0,0,rainy
2026-03-30,Gorje,46.39,13.98,-2.8,-7.2,0.9,0.0,1.47,65,,16410.73,0,0,1,0,1,0,snowy
2026-03-30,Gornja Radgona,46.64,15.97,6.9,2.7,11.4,1.1,0.0,99,,8841.88,0,1,0,0,0,0,rainy
2026-03-30,Gornji Grad,46.29,14.79,4.5,0.1,9.6,3.0,0.35,66,,21562.48,0,1,1,0,0,0,snowy
2026-03-30,Gornji Petrovci,46.81,16.2,5.6,3.2,10.3,0.4,0.0,100,,11325.26,0,1,0,0,0,0,rainy
2026-03-30,Grad,46.8,16.09,5.9,3.0,10.4,0.4,0.0,99,,11283.88,0,1,0,0,0,0,rainy
2026-03-30,Grosuplje,45.94,14.67,5.5,0.3,9.4,1.5,0.0,78,,18454.75,0,1,0,0,0,0,rainy
2026-03-30,Hajdina,46.42,15.83,6.5,2.9,9.9,0.6,0.0,99,,12918.16,0,1,0,0,0,0,rainy
2026-03-30,Hoce-Slivnica,46.49,15.63,6.7,3.5,10.4,1.3,0.0,98,,15258.96,0,1,0,0,0,0,rainy
2026-03-30,Hodoš,46.82,16.31,5.6,3.2,8.9,0.4,0.0,100,,7701.74,0,1,0,0,0,0,rainy
2026-03-30,Horjul,46.02,14.29,5.3,0.9,8.8,1.4,0.0,71,,15150.49,0,1,0,0,0,0,rainy
2026-03-30,Hrastnik,46.13,15.12,4.9,1.3,8.8,0.4,0.0,97,,22406.71,1,1,0,0,0,0,rainy
2026-03-30,Hrpelje-Kozina,45.57,14.0,5.3,0.4,9.9,0.7,0.0,68,,21546.58,0,1,0,0,0,0,rainy
2026-03-30,Idrija,45.99,14.0,3.1,-0.2,5.8,0.8,0.07,71,,14064.03,0,1,1,0,1,0,snowy
2026-03-30,Ig,45.93,14.52,4.5,-0.2,8.7,1.2,0.0,71,,16699.11,0,1,0,0,1,0,rainy
2026-03-30,Ilirska Bistrica,45.56,14.28,2.9,-3.2,9.0,1.3,0.0,68,,19394.59,0,1,0,0,1,0,rainy
2026-03-30,Ivancna Gorica,45.92,14.81,5.2,0.6,9.0,0.9,0.0,82,,19068.65,0,1,0,0,0,0,rainy
2026-03-30,Izola,45.52,13.65,9.5,4.3,12.6,0.1,0.0,68,,22106.45,1,1,0,0,0,0,rainy
2026-03-30,Jesenice,46.45,14.07,1.1,-2.5,5.4,0.4,2.17,62,,13575.72,0,1,1,0,1,0,snowy
2026-03-30,Jezersko,46.38,14.48,1.5,-3.0,5.5,1.2,0.35,65,,14961.17,0,1,1,0,1,0,snowy
2026-03-30,Juršinci,46.49,15.98,6.5,3.8,10.4,0.4,0.0,100,,13341.09,0,1,0,0,0,0,rainy
2026-03-30,Kamnik,46.26,14.68,2.5,-1.7,6.8,0.2,0.28,63,,17367.79,0,1,1,0,1,0,snowy
2026-03-30,Kanal,46.09,13.65,6.0,1.0,10.6,0.9,0.0,72,,11253.76,0,1,0,0,0,0,rainy
2026-03-30,Kidricevo,46.39,15.76,6.7,2.7,9.7,0.4,0.0,100,,17293.34,0,1,0,0,0,0,rainy
2026-03-30,Kobarid,46.25,13.55,5.4,1.2,9.8,0.5,0.0,75,,8478.95,0,1,0,0,0,0,rainy
2026-03-30,Kobilje,46.68,16.38,6.2,3.5,8.1,0.9,0.0,100,,2217.87,0,1,0,0,0,0,rainy
2026-03-30,Kocevje,45.61,14.91,4.1,-0.2,9.6,2.1,0.0,89,,18000.0,0,1,0,0,1,0,rainy
2026-03-30,Komen,45.82,13.74,7.6,2.3,11.9,0.2,0.0,70,,19781.12,0,1,0,0,0,0,rainy
2026-03-30,Komenda,46.21,14.54,4.3,-0.9,8.7,3.6,0.0,67,,14883.43,0,1,0,0,1,0,rainy
2026-03-30,Koper,45.51,13.83,7.3,1.6,11.2,0.7,0.0,68,,22159.62,1,1,0,0,0,0,rainy
2026-03-30,Kostanjevica,45.84,15.43,7.1,4.3,10.6,0.8,0.0,100,,7200.0,0,1,0,0,0,0,rainy
2026-03-30,Kostel,45.5,14.87,2.5,-1.2,7.0,2.3,0.0,90,,19738.26,0,1,0,0,1,0,rainy
2026-03-30,Kozje,46.07,15.56,5.3,2.2,8.8,0.8,0.0,100,,9482.8,0,1,0,0,0,0,rainy
2026-03-30,Kranj,46.26,14.33,4.4,-0.9,8.5,1.3,0.07,70,,13797.98,0,1,1,0,1,0,snowy
2026-03-30,Kranjska Gora,46.46,13.84,-2.0,-6.7,2.7,0.0,0.7,65,,18902.32,0,0,1,0,1,0,snowy
2026-03-30,Križevci,46.57,16.13,6.4,3.0,10.4,0.5,0.0,99,,8689.0,0,1,0,0,0,0,rainy
2026-03-30,Krško,45.95,15.47,6.4,3.9,9.4,0.7,0.0,100,,7969.65,0,1,0,0,0,0,rainy
2026-03-30,Kungota,46.64,15.6,6.9,2.5,11.1,0.6,0.0,96,,15920.38,0,1,0,0,0,0,rainy
2026-03-30,Kuzma,46.84,16.09,6.3,2.8,11.6,0.3,0.0,98,,12437.51,0,1,0,0,0,0,rainy
2026-03-30,Laško,46.13,15.26,5.0,2.1,8.9,0.4,0.0,99,,11798.98,0,1,0,0,0,0,rainy
2026-03-30,Lenart,46.56,15.82,7.4,2.9,11.4,0.0,0.0,99,,16790.59,0,0,0,0,0,0,cloudy_or_mixed
2026-03-30,Lendava,46.56,16.42,5.9,3.3,7.4,3.5,0.07,100,,0.0,0,1,1,0,0,0,snowy
2026-03-30,Litija,46.06,14.93,4.5,0.9,9.1,1.8,0.0,79,,21497.62,0,1,0,0,0,0,rainy
2026-03-30,Ljubljana,46.05,14.56,4.7,-0.1,9.6,1.9,0.0,64,,18211.03,0,1,0,0,1,0,rainy
2026-03-30,Ljubno,46.38,14.85,3.2,-1.6,8.0,0.1,0.35,69,,18744.35,0,1,1,0,1,0,snowy
2026-03-30,Ljutomer,46.52,16.17,6.3,3.5,9.6,0.7,0.0,100,,8326.14,0,1,0,0,0,0,rainy
2026-03-30,Log-Dragomer,46.01,14.37,5.4,1.0,9.6,2.1,0.28,67,,14806.83,0,1,1,0,0,0,snowy
2026-03-30,Logatec,45.93,14.19,3.8,0.2,7.0,0.8,0.0,71,,15903.88,0,1,0,0,0,0,rainy
2026-03-30,Lovrenc na Pohorju,46.53,15.39,4.4,1.7,8.8,0.8,0.0,91,,18022.36,0,1,0,0,0,0,rainy
2026-03-30,Loška dolina,45.67,14.48,2.3,-2.4,6.3,1.3,0.91,73,,18531.79,0,1,1,0,1,0,snowy
2026-03-30,Loški Potok,45.65,14.64,1.7,-1.7,5.2,1.8,1.47,78,,18000.0,0,1,1,0,1,0,snowy
2026-03-30,Luce,46.36,14.73,2.2,-2.5,7.2,0.5,0.0,66,,20980.59,0,1,0,0,1,0,rainy
2026-03-30,Lukovica,46.18,14.77,3.1,-1.2,8.2,3.0,0.35,66,,21562.48,0,1,1,0,1,0,snowy
2026-03-30,Majšperk,46.32,15.75,5.5,2.1,8.5,0.6,0.0,99,,8236.77,0,1,0,0,0,0,rainy
2026-03-30,Makole,46.31,15.68,5.6,2.4,8.4,0.7,0.0,100,,11329.37,0,1,0,0,0,0,rainy
2026-03-30,Maribor,46.57,15.63,7.4,4.1,11.4,0.3,0.0,96,,15990.6,0,1,0,0,0,0,rainy
2026-03-30,Markovci,46.39,15.96,6.1,3.4,9.2,0.7,0.0,99,,10687.84,0,1,0,0,0,0,rainy
2026-03-30,Medvode,46.13,14.4,4.2,-0.7,7.9,0.6,0.0,71,,14164.47,0,1,0,0,1,0,rainy
2026-03-30,Mengeš,46.16,14.56,4.4,-0.3,9.4,0.8,0.0,65,,18588.22,0,1,0,0,1,0,rainy
2026-03-30,Metlika,45.65,15.29,6.1,3.3,9.4,1.5,0.0,100,,8757.32,0,1,0,0,0,0,rainy
2026-03-30,Mežica,46.53,14.85,4.0,-0.2,7.3,0.4,0.0,72,,16280.3,0,1,0,0,1,0,rainy
2026-03-30,Miklavž na Dravskem polju,46.49,15.71,7.1,2.9,10.7,0.2,0.0,99,,17565.49,0,1,0,0,0,0,rainy
2026-03-30,Miren-Kostanjevica,45.86,13.63,7.5,0.6,12.4,2.2,0.0,70,,16719.99,0,1,0,0,0,0,rainy
2026-03-30,Mirna,45.94,15.05,6.2,3.5,9.7,1.3,0.0,100,,19914.74,0,1,0,0,0,0,rainy
2026-03-30,Mirna Pec,45.85,15.09,6.4,3.2,10.2,1.0,0.0,98,,19168.72,0,1,0,0,0,0,rainy
2026-03-30,Mislinja,46.45,15.22,3.3,0.1,7.4,0.5,0.0,84,,18841.29,0,1,0,0,0,0,rainy
2026-03-30,Mokronog-Trebelno,45.91,15.16,5.2,2.5,8.7,1.3,0.0,100,,19914.74,0,1,0,0,0,0,rainy
2026-03-30,Moravce,46.14,14.76,5.0,1.4,9.9,1.2,0.0,67,,21164.02,0,1,0,0,0,0,rainy
2026-03-30,Moravske Toplice,46.71,16.27,6.2,3.4,9.3,0.6,0.0,100,,7200.0,0,1,0,0,0,0,rainy
2026-03-30,Mozirje,46.36,14.95,3.8,-1.8,9.2,0.4,0.0,72,,21437.59,0,1,0,0,1,0,rainy
2026-03-30,Murska Sobota,46.65,16.16,6.5,3.7,9.4,0.7,0.0,100,,7200.0,0,1,0,0,0,0,rainy
2026-03-30,Muta,46.63,15.13,4.2,-0.0,9.7,0.9,0.0,82,,20955.31,0,1,0,0,0,0,rainy
2026-03-30,Naklo,46.29,14.3,4.3,-0.9,8.4,1.3,0.07,70,,13797.98,0,1,1,0,1,0,snowy
2026-03-30,Nazarje,46.28,14.91,5.0,-0.5,10.6,0.4,0.0,75,,21600.0,1,1,0,0,1,0,rainy
2026-03-30,Nova Goriška,45.98,13.73,3.3,-0.9,6.9,0.2,0.0,71,,14842.86,0,1,0,0,1,0,rainy
2026-03-30,Novo Mesto,45.77,15.2,5.5,2.2,9.9,1.2,0.0,99,,7200.0,0,1,0,0,0,0,rainy
2026-03-30,Odranci,46.59,16.28,6.1,3.5,8.2,1.1,0.0,100,,2420.95,0,1,0,0,0,0,rainy
2026-03-30,Oplotnica,46.39,15.45,5.3,1.8,8.3,2.7,0.0,99,,13670.45,0,1,0,0,0,0,rainy
2026-03-30,Ormož,46.44,16.14,6.4,3.4,9.6,0.7,0.0,100,,9818.21,0,1,0,0,0,0,rainy
2026-03-30,Osilnica,45.54,14.73,4.9,0.8,10.0,1.9,0.0,91,,18194.86,0,1,0,0,0,0,rainy
2026-03-30,Pesnica,46.62,15.71,6.9,2.5,11.1,0.6,0.0,96,,15920.38,0,1,0,0,0,0,rainy
2026-03-30,Piran,45.49,13.63,8.2,2.3,12.3,0.2,0.0,68,,21593.39,0,1,0,0,0,0,rainy
2026-03-30,Pivka,45.68,14.23,3.7,-0.6,8.3,1.6,0.0,69,,21084.73,0,1,0,0,1,0,rainy
2026-03-30,Podcetrtek,46.05,15.65,5.3,2.2,8.8,0.8,0.0,100,,9482.8,0,1,0,0,0,0,rainy
2026-03-30,Podlehnik,46.31,15.88,6.1,2.5,9.1,0.5,0.0,99,,10890.63,0,1,0,0,0,0,rainy
2026-03-30,Podvelka,46.59,15.36,4.3,0.5,9.4,0.4,0.0,93,,20372.04,0,1,0,0,0,0,rainy
2026-03-30,Poljčane,46.3,15.6,6.5,3.2,9.2,0.7,0.0,100,,11329.37,0,1,0,0,0,0,rainy
2026-03-30,Polzela,46.31,15.09,5.3,0.2,10.4,0.3,0.0,85,,23407.27,1,1,0,0,0,0,rainy
2026-03-30,Postojna,45.79,14.17,4.5,0.2,8.7,1.7,0.07,70,,20896.84,0,1,1,0,0,0,snowy
2026-03-30,Prebold,46.22,15.09,5.1,0.9,10.1,0.3,0.0,86,,23976.29,1,1,0,0,0,0,rainy
2026-03-30,Preddvor,46.33,14.47,-1.9,-6.2,1.5,0.0,1.33,64,,14581.99,0,0,1,0,1,0,snowy
2026-03-30,Prevalje,46.56,14.89,3.7,-0.5,7.0,0.4,0.0,72,,16280.3,0,1,0,0,1,0,rainy
2026-03-30,Ptuj,46.44,15.88,6.5,2.9,9.9,0.6,0.0,99,,12918.16,0,1,0,0,0,0,rainy
2026-03-30,Puconci,46.75,16.13,5.9,3.0,10.4,0.4,0.0,99,,11283.88,0,1,0,0,0,0,rainy
2026-03-30,Race-Fram,46.45,15.65,6.7,2.7,9.7,0.4,0.0,100,,17293.34,0,1,0,0,0,0,rainy
2026-03-30,Radece,46.06,15.15,5.5,2.4,9.2,2.1,0.0,100,,20479.85,0,1,0,0,0,0,rainy
2026-03-30,Radenci,46.62,16.05,6.6,3.0,10.6,1.5,0.0,99,,7230.16,0,1,0,0,0,0,rainy
2026-03-30,Radlje ob Dravi,46.6,15.24,5.1,0.9,10.7,0.9,0.0,82,,20955.31,0,1,0,0,0,0,rainy
2026-03-30,Radovljica,46.34,14.21,3.9,-0.7,7.9,1.3,0.49,66,,12383.34,0,1,1,0,1,0,snowy
2026-03-30,Ravne na Koroškem,46.55,14.96,4.6,0.4,7.9,0.4,0.0,72,,16280.3,0,1,0,0,0,0,rainy
2026-03-30,Razkrižje,46.52,16.28,5.9,3.5,8.4,1.5,0.0,100,,2151.52,0,1,0,0,0,0,rainy
2026-03-30,Renče-Vogrsko,45.89,13.67,8.3,1.5,13.3,2.2,0.0,70,,16719.99,0,1,0,0,0,0,rainy
2026-03-30,Rečica ob Savinji,46.33,14.9,4.2,-1.2,9.9,0.4,0.0,75,,21600.0,1,1,0,0,1,0,rainy
2026-03-30,Ribnica,45.73,14.72,4.7,0.4,9.5,2.5,0.07,84,,18000.0,0,1,1,0,0,0,snowy
2026-03-30,Ribnica na Pohorju,46.53,15.26,1.5,-1.4,5.8,0.2,0.56,94,,16839.05,0,1,1,0,1,0,snowy
2026-03-30,Rogatec,46.24,15.74,5.7,2.5,8.9,0.4,0.0,99,,7390.96,0,1,0,0,0,0,rainy
2026-03-30,Rogaška Slatina,46.25,15.64,6.0,3.2,9.4,0.8,0.0,100,,8761.0,0,1,0,0,0,0,rainy
2026-03-30,Rogašovci,46.8,16.02,6.6,2.9,11.7,0.3,0.0,98,,12252.24,0,1,0,0,0,0,rainy
2026-03-30,Ruše,46.52,15.49,4.2,1.5,8.2,0.5,0.0,97,,12919.91,0,1,0,0,0,0,rainy
2026-03-30,Selnica ob Dravi,46.58,15.49,4.2,1.5,8.1,0.5,0.0,97,,12919.91,0,1,0,0,0,0,rainy
2026-03-30,Semic,45.65,15.16,4.5,1.9,8.0,1.5,0.0,99,,10916.23,0,1,0,0,0,0,rainy
2026-03-30,Sevnica,46.01,15.28,6.4,3.9,9.9,2.6,0.0,100,,7563.67,0,1,0,0,0,0,rainy
2026-03-30,Sežana,45.73,13.87,7.0,3.2,10.8,0.4,0.0,70,,22799.93,1,1,0,0,0,0,rainy
2026-03-30,Slovenj Gradec,46.49,15.08,4.3,0.1,8.4,0.8,0.14,72,,18051.03,0,1,1,0,0,0,snowy
2026-03-30,Slovenska Bistrica,46.41,15.54,4.9,1.3,8.4,1.3,0.0,99,,11318.65,0,1,0,0,0,0,rainy
2026-03-30,Slovenske Konjice,46.32,15.47,5.6,1.9,9.0,1.7,0.0,100,,14754.3,0,1,0,0,0,0,rainy
2026-03-30,Sodražica,45.75,14.62,2.7,-0.8,7.2,2.5,0.14,77,,18000.0,0,1,1,0,1,0,snowy
2026-03-30,Solcava,46.41,14.66,-3.9,-8.4,0.3,0.0,0.91,62,,14720.45,0,0,1,0,1,0,snowy
2026-03-30,Središče ob Dravi,46.4,16.22,6.4,3.4,9.6,0.7,0.0,100,,9818.21,0,1,0,0,0,0,rainy
2026-03-30,Starše,46.46,15.76,6.7,2.7,9.7,0.4,0.0,100,,17293.34,0,1,0,0,0,0,rainy
2026-03-30,Straža,45.77,15.09,6.6,3.2,10.7,1.8,0.0,97,,18842.3,0,1,0,0,0,0,rainy
2026-03-30,Sveta Ana,46.65,15.84,7.5,3.0,11.9,0.0,0.0,98,,15555.79,0,0,0,0,0,0,cloudy_or_mixed
2026-03-30,Sveta Trojica v Slovenskih goricah,46.57,15.89,6.8,3.0,10.9,0.5,0.0,100,,11312.47,0,1,0,0,0,0,rainy
2026-03-30,Sveti Andraž v Slovenskih Goricah,46.52,15.96,6.8,3.0,10.9,0.5,0.0,100,,11312.47,0,1,0,0,0,0,rainy
2026-03-30,Sveti Jurij,46.56,16.03,6.4,3.0,10.4,0.5,0.0,99,,8689.0,0,1,0,0,0,0,rainy
2026-03-30,Sveti Jurij v Slovenskih goricah,46.62,15.79,7.5,3.0,11.9,0.0,0.0,98,,15555.79,0,0,0,0,0,0,cloudy_or_mixed
2026-03-30,Sveti Tomaž,46.48,16.07,6.5,3.8,10.4,0.4,0.0,100,,13341.09,0,1,0,0,0,0,rainy
2026-03-30,Tabor,46.22,15.02,5.1,0.9,10.1,0.3,0.0,86,,23976.29,1,1,0,0,0,0,rainy
2026-03-30,Tišina,46.67,16.07,6.6,3.0,10.6,1.5,0.0,99,,7230.16,0,1,0,0,0,0,rainy
2026-03-30,Tolmin,46.17,13.81,3.4,-2.0,7.9,1.1,0.07,70,,12024.13,0,1,1,0,1,0,snowy
2026-03-30,Trbovlje,46.12,15.05,4.7,1.6,9.1,0.7,0.0,87,,22744.55,1,1,0,0,0,0,rainy
2026-03-30,Trebnje,45.9,14.97,5.7,2.0,9.2,1.2,0.0,90,,20255.64,0,1,0,0,0,0,rainy
2026-03-30,Trnovska vas,46.52,15.89,6.7,3.2,10.5,0.6,0.0,99,,15710.7,0,1,0,0,0,0,rainy
2026-03-30,Trzin,46.13,14.56,4.7,-0.1,9.6,1.9,0.0,64,,18211.03,0,1,0,0,1,0,rainy
2026-03-30,Tržič,46.39,14.33,2.5,-0.8,6.3,0.3,0.21,65,,11739.76,0,1,1,0,1,0,snowy
2026-03-30,Turnišče,46.62,16.32,6.1,3.5,8.2,1.1,0.0,100,,2420.95,0,1,0,0,0,0,rainy
2026-03-30,Velenje,46.37,15.13,4.5,0.2,9.2,0.4,0.0,85,,21398.38,0,1,0,0,0,0,rainy
2026-03-30,Velika Polana,46.58,16.36,6.1,3.5,8.2,1.1,0.0,100,,2420.95,0,1,0,0,0,0,rainy
2026-03-30,Velike Lašče,45.84,14.59,4.5,-0.2,8.2,0.9,0.0,76,,18000.0,0,1,0,0,1,0,rainy
2026-03-30,Veržej,46.58,16.18,6.4,3.7,9.6,0.7,0.0,100,,7200.0,0,1,0,0,0,0,rainy
2026-03-30,Videm,46.34,15.91,6.1,2.5,9.1,0.5,0.0,99,,10890.63,0,1,0,0,0,0,rainy
2026-03-30,Vipava,45.82,13.98,5.6,1.8,9.3,0.8,0.0,70,,20713.95,0,1,0,0,0,0,rainy
2026-03-30,Vitanje,46.4,15.3,3.5,0.7,7.3,0.6,0.0,97,,21111.39,0,1,0,0,0,0,rainy
2026-03-30,Vodice,46.17,14.49,4.5,-1.1,9.1,0.6,0.0,68,,14479.85,0,1,0,0,1,0,rainy
2026-03-30,Vojnik,46.32,15.32,5.7,2.3,9.5,1.3,0.0,98,,15205.7,0,1,0,0,0,0,rainy
2026-03-30,Vransko,46.24,14.95,5.4,0.7,10.9,1.0,0.0,76,,21600.0,1,1,0,0,0,0,rainy
2026-03-30,Vrhnika,45.96,14.29,6.1,2.2,9.7,0.8,0.0,70,,17069.33,0,1,0,0,0,0,rainy
2026-03-30,Vuzenica,46.57,15.16,4.6,1.1,9.4,0.9,0.0,79,,19314.0,0,1,0,0,0,0,rainy
2026-03-30,Zagorje ob Savi,46.15,14.93,6.0,2.6,11.0,1.3,0.0,78,,21611.69,1,1,0,0,0,0,rainy
2026-03-30,Zavrc,46.36,16.05,6.1,3.4,9.2,0.7,0.0,99,,10687.84,0,1,0,0,0,0,rainy
2026-03-30,Zrece,46.4,15.37,3.7,0.4,7.1,1.8,0.07,98,,13422.57,0,1,1,0,0,0,snowy
2026-03-30,Črenšovci,46.56,16.3,6.1,3.5,8.2,1.1,0.0,100,,2420.95,0,1,0,0,0,0,rainy
2026-03-30,Črna na Koroškem,46.47,14.83,3.4,-0.3,6.9,0.3,0.14,71,,15848.96,0,1,1,0,1,0,snowy
2026-03-30,Šalovci,46.83,16.26,5.8,3.2,8.9,0.4,0.0,100,,7949.14,0,1,0,0,0,0,rainy
2026-03-30,Šempeter-Vrtojba,45.92,13.64,8.2,1.4,13.2,2.2,0.0,70,,16719.99,0,1,0,0,0,0,rainy
2026-03-30,Šentilj,46.68,15.71,7.1,2.2,11.6,0.3,0.0,96,,15664.75,0,1,0,0,0,0,rainy
2026-03-30,Šentjernej,45.82,15.35,6.0,2.8,9.9,2.1,0.0,99,,7200.0,0,1,0,0,0,0,rainy
2026-03-30,Šentjur pri Celju,46.19,15.43,6.6,3.5,10.2,1.5,0.0,100,,13615.67,0,1,0,0,0,0,rainy
2026-03-30,Šentrupert,45.98,15.1,6.2,3.5,9.7,1.3,0.0,100,,19914.74,0,1,0,0,0,0,rainy
2026-03-30,Šenčur,46.24,14.42,4.4,-0.9,8.5,1.3,0.07,70,,13797.98,0,1,1,0,1,0,snowy
2026-03-30,Škocjan,45.92,15.31,6.5,4.0,9.9,1.1,0.0,100,,7200.0,0,1,0,0,0,0,rainy
2026-03-30,Škofja Loka,46.16,14.28,3.3,-1.4,7.2,0.9,0.07,69,,13803.34,0,1,1,0,1,0,snowy
2026-03-30,Škofljica,45.97,14.57,4.9,0.0,9.6,1.6,0.0,67,,17616.2,0,1,0,0,0,0,rainy
2026-03-30,Šmarje pri Jelšah,46.21,15.53,6.2,3.2,9.9,1.5,0.0,100,,13615.67,0,1,0,0,0,0,rainy
2026-03-30,Šmarješke Toplice,45.88,15.25,6.4,3.5,10.3,1.0,0.0,100,,7200.0,0,1,0,0,0,0,rainy
2026-03-30,Šmartno in Litiji,46.03,14.85,4.9,1.3,9.1,1.4,0.0,81,,20220.32,0,1,0,0,0,0,rainy
2026-03-30,Šmartno ob Paki,46.34,15.03,4.7,0.4,9.4,0.4,0.0,85,,21398.38,0,1,0,0,0,0,rainy
2026-03-30,Šoštanj,46.41,15.0,3.3,-1.3,7.9,0.7,0.0,73,,18658.22,0,1,0,0,1,0,rainy
2026-03-30,Štore,46.2,15.33,5.0,1.9,9.2,0.1,0.0,99,,14271.18,0,1,0,0,0,0,rainy
2026-03-30,Žalec,46.26,15.17,5.9,2.6,10.1,0.2,0.0,96,,24964.26,1,1,0,0,0,0,rainy
2026-03-30,Železniki,46.22,14.11,2.0,-2.7,6.1,1.1,0.07,69,,15364.6,0,1,1,0,1,0,snowy
2026-03-30,Žetale,46.28,15.81,5.8,2.4,8.8,0.6,0.0,99,,8236.77,0,1,0,0,0,0,rainy
2026-03-30,Žiri,46.05,14.11,4.9,1.0,7.9,0.9,0.0,71,,14100.33,0,1,0,0,0,0,rainy
2026-03-30,Žirovnica,46.41,14.17,0.4,-3.2,4.7,0.4,2.17,62,,13575.72,0,1,1,0,1,0,snowy
2026-03-30,Žužemberk,45.81,14.93,5.0,1.2,9.1,2.4,0.0,91,,18693.72,0,1,0,0,0,0,rainy
